"text","label"
"I’ve been using this for about a week and it works surprisingly well for daily tasks.","OR"
"The quality is fine overall, though I did notice a slight issue after long usage.","OR"
"It performs normally and I didn't face any major problems so far.","OR"
"Decent build and okay performance, nothing too impressive but works.","OR"
"Delivery was a bit slow but the product itself is functioning properly.","OR"
"This feels thoughtfully designed and performs smoothly across typical use.","CG"
"User experience is stable and intuitive with consistent responsiveness.","CG"
"The optimization seems deliberate and the performance remains reliable.","CG"
"Functionality and ease of use appear well balanced and polished.","CG"
"Everything runs predictably without noticeable issues.","CG"
"The product arrived safely and does exactly what it claims.","OR"
"I’m satisfied so far; only a minor glitch but resolved easily.","OR"
"Good overall performance considering the price.","OR"
"So far everything is working as expected without major flaws.","OR"
"The product seems durable enough with moderate daily use.","OR"
"Performance remains stable with clean responsiveness and fluid usage.","CG"
"The overall feel suggests careful engineering and refinement.","CG"
"Everything integrates well and provides a user-friendly experience.","CG"
"Responsiveness stays consistent even during longer sessions.","CG"
"The design feels intentional and functional with minimal issues.","CG"
"Setup was easy and the device works without unexpected behavior.","OR"
"The performance could be slightly better, but acceptable for now.","OR"
"Good enough for everyday tasks; not powerful but reliable.","OR"
"The product is okay overall, a few rough edges but manageable.","OR"
"Seems well-built for the price and performs moderately well.","OR"
"Smooth and reliable function with clean transitions between tasks.","CG"
"Operation remains stable and thoughtfully optimized for usage.","CG"
"It offers a refined yet simple experience throughout interaction.","CG"
"Consistency across different tasks is notable and dependable.","CG"
"Everything functions smoothly with no major limitations so far.","CG"
"Nothing extraordinary but fulfills the purpose well enough.","OR"
"Performance is fine, though it tends to slow slightly over long sessions.","OR"
"The material quality is decent and does the job.","OR"
"I've used it regularly and it hasn't caused notable issues.","OR"
"A few quirks but overall the product is fine.","OR"
"Experience remains intuitive with clear optimization in behavior.","CG"
"It maintains stable interaction and handles tasks effectively.","CG"
"The whole system feels deliberate and engineered for ease.","CG"
"Reliable consistency makes it feel polished and optimized.","CG"
"user experience is smooth with no interruptions.","CG"
"The product gets the job done but doesn't stand out too much.","OR"
"Acceptable performance considering it's not a high-end item.","OR"
"Works reliably for now; long-term performance still unclear.","OR"
"It's performing fine so far with basic everyday usage.","OR"
"A reasonable product that meets expectations without surprises.","OR"
"The performance is predictably stable and well-structured.","CG"
"Its refined behavior suggests an optimized software flow.","CG"
"Handling of tasks is fluid and maintains steady consistency.","CG"
"Interactions feel clean, intentional, and appropriately responsive.","CG"
"I've been using this for a while and it's decent. Not perfect but works fine.","OR"
"The product arrived on time and performs as expected.","OR"
"Overall it's okay. Some minor issues but nothing too serious.","OR"
"It works well for daily use and I haven't faced major problems.","OR"
"Pretty satisfied with the performance so far.","OR"
"This product offers a smooth and reliable experience with consistent performance.","CG"
"The overall design feels deliberate and thoughtfully optimized.","CG"
"It provides a balanced combination of functionality and ease of use.","CG"
"Performance remains stable across typical usage scenarios.","CG"
"The experience is intuitive and aligns well with user expectations.","CG"
"I've been using this for a while and it's decent. Not perfect but works fine. Highly recommended.","OR"
"The product arrived on time and performs as expected. No noticeable issues.","OR"
"Overall it's okay. Some minor issues but nothing too serious. Works as intended.","OR"
"It works well for daily use and I haven't faced major problems. Performs consistently.","OR"
"Pretty satisfied with the performance so far. Highly recommended.","OR"
"This product offers a smooth and reliable experience with consistent performance. No noticeable issues.","CG"
"The overall design feels deliberate and thoughtfully optimized. Performs consistently.","CG"
"It provides a balanced combination of functionality and ease of use. Works as intended.","CG"
"Performance remains stable across typical usage scenarios. Highly recommended.","CG"
"The experience is intuitive and aligns well with user expectations. No noticeable issues.","CG"
"I've been using this for a while and it's decent. Not perfect but works fine.","OR"
"Overall it's okay. Some minor issues but nothing too serious.","OR"
"The product arrived on time and performs as expected.","OR"
"It works well for daily use and I haven't faced major problems.","OR"
"Pretty satisfied with the performance so far.","OR"
"This product offers a smooth and reliable experience with consistent performance.","CG"
"The overall design feels deliberate and thoughtfully optimized.","CG"
"It provides a balanced combination of functionality and ease of use.","CG"
"Performance remains stable across typical usage scenarios.","CG"
"The experience is intuitive and aligns well with user expectations.","CG"
"Pretty satisfied with the performance so far. Works as intended.","OR"
"It works well for daily use and I haven't faced major problems. No noticeable issues.","OR"
"The product arrived on time and performs as expected. Highly recommended.","OR"
"I've been using this for a while and it's decent. Not perfect but works fine. No noticeable issues.","OR"
"Overall it's okay. Some minor issues but nothing too serious. Performs consistently.","OR"
"This product offers a smooth and reliable experience with consistent performance. Works as intended.","CG"
"It provides a balanced combination of functionality and ease of use. No noticeable issues.","CG"
"The overall design feels deliberate and thoughtfully optimized. Works as intended.","CG"
"Performance remains stable across typical usage scenarios. Performs consistently.","CG"
"The experience is intuitive and aligns well with user expectations. Highly recommended.","CG"
"I've been using this for a while and it's decent. Not perfect but works fine.","OR"
"Overall it's okay. Some minor issues but nothing too serious.","OR"
"It works well for daily use and I haven't faced major problems.","OR"
"Pretty satisfied with the performance so far.","OR"
"The product arrived on time and performs as expected.","OR"
"This product offers a smooth and reliable experience with consistent performance.","CG"
"It provides a balanced combination of functionality and ease of use.","CG"
"Performance remains stable across typical usage scenarios.","CG"
"The overall design feels deliberate and thoughtfully optimized.","CG"
"The experience is intuitive and aligns well with user expectations.","CG"
"I've been using this for a while and it's decent. Not perfect but works fine. Works as intended.","OR"
"It works well for daily use and I haven't faced major problems. Highly recommended.","OR"
"Overall it's okay. Some minor issues but nothing too serious. No noticeable issues.","OR"
"Pretty satisfied with the performance so far. Performs consistently.","OR"
"The product arrived on time and performs as expected. Works as intended.","OR"
"This product offers a smooth and reliable experience with consistent performance. No noticeable issues.","CG"
"It provides a balanced combination of functionality and ease of use. Performs consistently.","CG"
"Performance remains stable across typical usage scenarios. Highly recommended.","CG"
"The overall design feels deliberate and thoughtfully optimized. No noticeable issues.","CG"
"The experience is intuitive and aligns well with user expectations. Works as intended.","CG"
"I've been using this for a while and it's decent. Not perfect but works fine. No noticeable issues.",OR
"The product arrived on time and performs as expected. Works as intended.",OR
"Overall it's okay. Some minor issues but nothing too serious. Highly recommended.",OR
"It works well for daily use and I haven't faced major problems. Performs consistently.",OR
"Pretty satisfied with the performance so far. I might buy it again.",OR
"This product offers a smooth and reliable experience with consistent performance. No noticeable issues.",CG
"The overall design feels deliberate and thoughtfully optimized. Works as intended.",CG
"It provides a balanced combination of functionality and ease of use. Performs consistently.",CG
"Performance remains stable across typical usage scenarios. No noticeable issues.",CG
"The experience is intuitive and aligns well with user expectations. Highly recommended.",CG
"Decent quality overall, does what it is supposed to.",OR
"Not perfect but performs well in most situations.",OR
"The product is fairly useful and meets expectations.",OR
"I like how simple it is to use, very straightforward.",OR
"Good enough for day-to-day activity.",OR
"The system displays well-tuned behavior throughout.",CG
"Every action feels structured and systematic.",CG
"It handles transition states smoothly without dips.",CG
"The interface suggests deliberate engineering.",CG
"The performance trajectory is stable long-term.",CG
"Works fine for simple tasks and doesn’t lag.",OR
"Stopped once but worked after restart; acceptable.",OR
"Smooth experience for general usage.",OR
"Battery life is okay depending on workload.",OR
"No serious issues noticed so far.",OR
"The product is characterized by consistency and fine-tuned control loops.",CG
"Execution flow remains stable and predictable.",CG
"It adapts smoothly to varying input states.",CG
"Structured behavior confirms optimized design.",CG
"Processes remain uninterrupted throughout operation.",CG
"Normal use works perfectly fine for me.",OR
"It isn’t flawless but does what I need.",OR
"Reasonable for the price; nothing extraordinary.",OR
"Handles smaller tasks with no issue.",OR
"No complaints so far regarding functionality.",OR
"Performance profile is refined and reinforced.",CG
"Displays coherent responses across inputs.",CG
"System interactions feel guidance-driven and reliable.",CG
"Well-balanced output across typical operations.",CG
"It exhibits thoughtful structure throughout tasks.",CG
"Feels stable for long-term repeated use.",OR
"Good delivery speed and decent quality.",OR
"Fits the purpose well enough.",OR
"Little slow sometimes but still fine.",OR
"Acceptable considering the cost.",OR
"Configuration supports predictable user experience.",CG
"The design framework ensures reduced fluctuations.",CG
"Consistently reliable across test cases.",CG
"Smooth alignment between input and response.",CG
"Streamlined structure enhances stability.",CG
"Solid value for everyday users.",OR
"Has some flaws but overall workable.",OR
"Moderately good build quality, fair performance.",OR
"Reliable so far for basic needs.",OR
"Simple and easy to manage.",OR
"Engineered flow provides stable execution cycles.",CG
"Handles procedural chains consistently.",CG
"The modular components seem well integrated.",CG
"Performance tuning appears deliberate.",CG
"Reliability sustained through testing.",CG
"Met my expectations for functionality.",OR
"Doesn’t fail under normal usage.",OR
"Handles typical tasks without issue.",OR
"Reasonably efficient overall.",OR
"Good enough for everyday scenarios.",OR
"Underlying system shows deliberate optimization.",CG
"Execution maintains expected consistency.",CG
"Transitions are predictably smooth.",CG
"Stable across diverse use conditions.",CG
"Streamlines user workflow effectively.",CG
"Useful tool and nothing major to complain about.",OR
"Not the greatest, but acceptable for now.",OR
"Handles regular workload smoothly.",OR
"I’ve noticed minor lag but nothing serious.",OR
"Overall I’m satisfied with it.",OR
"Stable behavioral pattern across runtime." ,CG
"Consistent throughput during extended use.",CG
"Well-prepared structural decisions ensure stability.",CG
"Reliable interface behavior over repeated cycles.",CG
"Effectively minimizes performance deviation.",CG
"Good for simple tasks.",OR
"Manages daily usage just fine.",OR
"Affordable and works out okay.",OR
"No huge issues encountered yet.",OR
"Decent enough for practical application.",OR
"Data handling remains structured and logical.",CG
"It produces expected behavioral outcomes repeatedly.",CG
"Procedures remain clearly optimized.",CG
"Output responses reflect intentional design.",CG
"Performance delivery stays refined and even.",CG
"I've been using this for a while and it's decent. Not perfect but works fine. Highly recommended.",OR
"The product arrived on time and performs as expected. Overall good.",OR
"Overall it's okay. Some minor issues but nothing too serious. Works as intended.",OR
"It works well for daily use and I haven't faced major problems. No noticeable issues.",OR
"Pretty satisfied with the performance so far. Works as intended.",OR
"This product offers a smooth and reliable experience with consistent performance. Overall good.",CG
"The overall design feels deliberate and thoughtfully optimized. Highly recommended.",CG
"It provides a balanced combination of functionality and ease of use. Works as intended.",CG
"Performance remains stable across typical usage scenarios. Performs consistently.",CG
"The experience is intuitive and aligns well with user expectations. No noticeable issues.",CG
"Good for most simple tasks and hasn't lagged.",OR
"Some small imperfections but overall reliable.",OR
"It meets expectations in most use cases.",OR
"Simple layout and easy to set up.",OR
"Not bad for basic daily usage.",OR
"This product showcases a consistent performance pattern backed by well-tuned architecture.",CG
"Interactions follow a deliberate design approach.",CG
"Predictable outcomes across various conditions.",CG
"Execution remains in sync with user actions.",CG
"General framework supports stable behavior.",CG
"Functional enough but nothing extraordinary.",OR
"A few stutters here and there but manageable.",OR
"Good quality considering the price range.",OR
"Works fine for non-intensive use.",OR
"No real complaints so far.",OR
"Underlying configuration promotes efficient cycles.",CG
"Smooth synergy between components.",CG
"Robust handling of repeated tasks.",CG
"Maintains predictable performance flows.",CG
"Consistent distribution of output quality.",CG
"Good for general household usage.",OR
"It’s okay for regular tasks.",OR
"Handles everyday load fairly well.",OR
"Reasonably stable for continuous use.",OR
"Does what it should without major issues.",OR
"Built with stability in mind.",CG
"Delivers a coherent procedure throughout sessions.",CG
"Intended flow appears well integrated.",CG
"Consistent with expected usage patterns.",CG
"Adapts seamlessly to small changes.",CG
"Serves the purpose for now.",OR
"No big issues noticed so far.",OR
"Fair performance with a few limitations.",OR
"Easy to operate and straightforward.",OR
"Affordable and usable.",OR
"Fine-tuned to maintain structured behavior.",CG
"Balanced configuration between components.",CG
"Results are uniform across tests.",CG
"Interaction consistency is noticeable.",CG
"System responses remain predictable.",CG
"Works smoothly for the tasks I need.",OR
"Pretty comfortable to use daily.",OR
"Not overly powerful but good enough.",OR
"Sometimes slow but acceptable overall.",OR
"Meets my minimum expectations.",OR
"Positioning of subsystems ensures stability.",CG
"Maintains logical flow throughout operations.",CG
"Shows controlled pacing under load.",CG
"Exhibits calibrated behavior patterns.",CG
"Feels optimized for typical user flow.",CG
"Good for light to moderate tasks.",OR
"It’s okay for casual usage.",OR
"No critical failures yet.",OR
"Gets warm sometimes but still functional.",OR
"Useful for basic needs.",OR
"Consistent structural pattern throughout runtime.",CG
"Maintains a predictable response curve.",CG
"Operations run within optimized thresholds.",CG
"Transitions between tasks feel deliberate.",CG
"Shows refined optimization characteristics.",CG
"Good for low-usage scenarios.",OR
"Acceptable output for the price.",OR
"Manageable performance in most tests.",OR
"Stable enough for what I need.",OR
"Quality is fair and reliable.",OR
"Model architecture supports reliable execution.",CG
"Predictable task handling behavior.",CG
"Consistency across performance rounds.",CG
"Behaves identically over repeated cycles.",CG
"Internal flow remains optimized throughout.",CG
"No issues with daily operation so far.",OR
"Handles regular functions alright.",OR
"Performs within expected limits.",OR
"Doesn’t surprise but doesn’t disappoint.",OR
"Fine for short sessions.",OR
"Streamlined workflow performance.",CG
"Deliberate tuning ensures efficiency.",CG
"Stable response timeline.",CG
"Predictable performance scaling.",CG
"Calibrated transitions across processes.",CG
"I've been using this for a while and it's decent. Not perfect but works fine. Works as intended.",OR
"The product arrived on time and performs as expected. Highly recommended.",OR
"Overall it's okay. Some minor issues but nothing too serious. Overall good.",OR
"It works well for daily use and I haven't faced major problems. Works as intended.",OR
"Pretty satisfied with the performance so far. No noticeable issues.",OR
"This product offers a smooth and reliable experience with consistent performance. Performs consistently.",CG
"The overall design feels deliberate and thoughtfully optimized. No noticeable issues.",CG
"It provides a balanced combination of functionality and ease of use. Highly recommended.",CG
"Performance remains stable across typical usage scenarios. Works as intended.",CG
"The experience is intuitive and aligns well with user expectations. Performs consistently.",CG
"Decent general performance, enough for everyday tasks.",OR
"Better than expected for the price.",OR
"Some minor lag at times but manageable.",OR
"Simple interface and easy to figure out.",OR
"Reasonably good for basic use.",OR
"This product maintains cohesive performance across cycles.",CG
"Internal handling is predictable and steady.",CG
"Transition rates remain smooth under load.",CG
"The design framework is consistently executed.",CG
"Responsiveness appears carefully tuned.",CG
"Works fine and no major downside so far.",OR
"Good for people who need simple functionality.",OR
"Stable enough for daily operation.",OR
"Not premium but definitely functional.",OR
"Satisfactory performance with minor flaws.",OR
"Underlying optimization delivers comparable results across tests.",CG
"User interactions remain structured.",CG
"Output variations remain minimal.",CG
"Shows precise consistency during tasks.",CG
"Engineered sequence remains reliable.",CG
"Decent enough for what I need.",OR
"Not extremely powerful, but does the job.",OR
"Fits well for average workloads.",OR
"Good for casual personal use.",OR
"Works normally without surprises.",OR
"Maintains clarity in procedural steps.",CG
"Systematic construction results in stable outputs.",CG
"Consistent behavior throughout tasks.",CG
"Predictable operation under repeated loads.",CG
"Well-distributed performance levels.",CG
"Practical and easy to operate.",OR
"A few hiccups but still acceptable.",OR
"Good overall reliability.",OR
"Reasonable performance with balanced features.",OR
"Mostly smooth and dependable.",OR
"Clean structural execution and reliable design.",CG
"It processes tasks systematically.",CG
"Intentional flow ensures stable response.",CG
"Design conveys deliberate refinement.",CG
"Operational phases remain structured.",CG
"No big complaints so far.",OR
"Handles light work excellently.",OR
"Some things could be improved but works fine.",OR
"Responsive enough for simple needs.",OR
"Reliable for everyday routines.",OR
"Performance calibration feels consistent.",CG
"Shows well-defined handling patterns.",CG
"Runs effectively under guided conditions.",CG
"Stability maintained during repeated use.",CG
"Optimized structure supports seamless tasks.",CG
"Pretty smooth performance overall.",OR
"Mild issues at times but nothing serious.",OR
"Handles multitasking fairly well.",OR
"Acceptable for typical user needs.",OR
"It works fine without major trouble.",OR
"Delivers predictable task sequences.",CG
"Seems engineered with robust internal logic.",CG
"Execution stability is noticeable.",CG
"Transitions stay aligned with expectations.",CG
"Refinement evident in runtime behavior.",CG
"Simple and efficient for daily tasks.",OR
"Solid usability with minor drawbacks.",OR
"Not too strong but functional.",OR
"Smooth enough for basic purposes.",OR
"Pretty good value for budget users.",OR
"Prioritized consistency across sessions.",CG
"Clear and deliberate performance flow.",CG
"Well-structured output with limited deviation.",CG
"Adapts predictably to different conditions.",CG
"Impressive reliability for its profile.",CG
"Dependable enough for continued use.",OR
"No critical issues so far.",OR
"Build is decent and works normally.",OR
"Mostly stable for prolonged tasks.",OR
"Meets expectations with fair accuracy.",OR
"Performance model remains uniform and optimized.",CG
"Consistent output cycles across runtime.",CG
"Adheres to structured functional behavior.",CG
"Maintains engineered steadiness.",CG
"Well-defined procedural rhythm.",CG
"I've been using this for a while and it's decent. Not perfect but works fine. Overall good.",OR
"The product arrived on time and performs as expected. Works as intended.",OR
"Overall it's okay. Some minor issues but nothing too serious. No noticeable issues.",OR
"It works well for daily use and I haven't faced major problems. Highly recommended.",OR
"Pretty satisfied with the performance so far. Works as intended.",OR
"This product offers a smooth and reliable experience with consistent performance. Highly recommended.",CG
"The overall design feels deliberate and thoughtfully optimized. Performs consistently.",CG
"It provides a balanced combination of functionality and ease of use. No noticeable issues.",CG
"Performance remains stable across typical usage scenarios. Works as intended.",CG
"The experience is intuitive and aligns well with user expectations. Overall good.",CG
"Moderate performance but suitable for basic needs.",OR
"A few slowdowns but acceptable reliability.",OR
"Seems fine for normal everyday work.",OR
"User-friendly design and simple flow.",OR
"Sufficient for simple usage.",OR
"Task execution demonstrates stable engineering.",CG
"Components appear well calibrated.",CG
"Shows reliable computing cycles.",CG
"Predictable behavior across shifts in input.",CG
"Remains consistent throughout interactions.",CG
"Works nicely for average consumers.",OR
"Expected performance for the pricing.",OR
"Handles simple operations with ease.",OR
"Minor imperfections but useful overall.",OR
"Reasonably functional.",OR
"Maintains high stability in repeated runs.",CG
"Efficient flow between modules.",CG
"Delivers unified response patterns.",CG
"System appears neatly optimized.",CG
"Predictable and even performance distribution.",CG
"Easy to use and setup is simple.",OR
"It fulfills my requirement without issues.",OR
"No major performance gaps noticed.",OR
"Good for occasional tasks.",OR
"Overall dependable.",OR
"Functional output with refined structure.",CG
"Handles processing sequences smoothly.",CG
"Stable performance in controlled workloads.",CG
"Input-to-output mapping remains predictable.",CG
"Responsiveness feels intentionally aligned.",CG
"Does a decent job at most tasks.",OR
"Nothing too impressive but adequate.",OR
"Manages everyday operation well.",OR
"Minimal issues experienced throughout.",OR
"Useful for light workloads.",OR
"Internal execution remains fine-tuned.",CG
"Consistent cycles under routine conditions.",CG
"Optimization is evident across behaviors.",CG
"Task transition remains balanced.",CG
"Predictable rhythm in operations.",CG
"Stable enough for general operation.",OR
"Build quality is good enough for me.",OR
"Effortless handling for smaller tasks.",OR
"Some features could be smoother but fine.",OR
"Good for someone who needs basic performance.",OR
"Task behavior maintains coherence.",CG
"Shows deliberate structuring across its workflow.",CG
"Little to no irregularities in processing.",CG
"Smooth internal synchronization.",CG
"Processes exhibit refined calibration.",CG
"Works acceptably under normal loads.",OR
"Capable enough for daily routines.",OR
"Does it well for common tasks.",OR
"Stable for simplistic usage.",OR
"I don’t notice any big flaws.",OR
"Sequences follow a controlled pattern.",CG
"Well-executed integration across modules.",CG
"Balanced load distribution in execution.",CG
"Consistent feedback responses.",CG
"Reliable synchronization during tasks.",CG
"Good enough for my everyday workflow.",OR
"Occasionally slow but manageable.",OR
"Fair results for its category.",OR
"Doesn’t underperform for standard tasks.",OR
"Mostly functions without trouble.",OR
"Precision-focused performance evident.",CG
"Maintains calibrated output cycles.",CG
"Transitions are both clean and steady.",CG
"Resilient structure during repetitive tasks.",CG
"General behavior remains orderly.",CG
"Good overall value for my needs.",OR
"Handles regular functions well enough.",OR
"Operates with decent consistency.",OR
"Simple interface, easy to work with.",OR
"Nothing major to complain about.",OR
"Operates under structured guidance.",CG
"Performance behavior feels intentional.",CG
"Engineered for consistent pace.",CG
"Maintains input-handling uniformity.",CG
"Predictable operational framework.",CG
"I've been using this for a while and it's decent. Not perfect but works fine. Performs consistently.",OR
"The product arrived on time and performs as expected. No noticeable issues.",OR
"Overall it's okay. Some minor issues but nothing too serious. Highly recommended.",OR
"It works well for daily use and I haven't faced major problems. Works as intended.",OR
"Pretty satisfied with the performance so far. Overall good.",OR
"This product offers a smooth and reliable experience with consistent performance. Works as intended.",CG
"The overall design feels deliberate and thoughtfully optimized. Overall good.",CG
"It provides a balanced combination of functionality and ease of use. Performs consistently.",CG
"Performance remains stable across typical usage scenarios. No noticeable issues.",CG
"The experience is intuitive and aligns well with user expectations. Works as intended.",CG
"Good enough performance for casual users.",OR
"Sometimes lags slightly but still okay.",OR
"Not exceptional but functional.",OR
"Easy to figure out and operate.",OR
"Acceptable for everyday tasks.",OR
"Performance consistency is controlled and stable.",CG
"Shows reliable alignment across inputs.",CG
"Designed structure supports even performance.",CG
"Transitions remain carefully controlled.",CG
"Behavioral patterns are refined and smooth.",CG
"Pretty okay for routine work.",OR
"Handles simple tasks with no problem.",OR
"Some rough edges but usable.",OR
"Performance is fine for the cost.",OR
"No major issues observed so far.",OR
"Smooth execution cycles reflect calibrated processing.",CG
"Well-designed behavior across usage.",CG
"Shows strong consistency under steady load.",CG
"System integration feels systematically aligned.",CG
"Performance curve remains stable.",CG
"Reliable for what I need daily.",OR
"Nothing extraordinary but does the job.",OR
"Manages required tasks well enough.",OR
"Good choice for basic needs.",OR
"Mostly stable in operation.",OR
"Follows well-structured processing flow.",CG
"Intentional interaction patterns are evident.",CG
"Stability is continuous across tasks.",CG
"Refined behavior under repeated conditions.",CG
"Internal operations appear well-aligned.",CG
"Very usable for simple scenarios.",OR
"A few slowdowns here and there.",OR
"Still functional even with mild flaws.",OR
"Performs adequately with standard workload.",OR
"Fine for minimal-requirement users.",OR
"Execution remains calibrated throughout.",CG
"Behavioral timing is controlled and predictable.",CG
"Smooth runtime results in consistent output.",CG
"Coordinated transitions enhance usability.",CG
"Performance seems intentionally optimized.",CG
"Provides enough performance for usual needs.",OR
"No significant functional faults.",OR
"Reasonable for the kind of tasks I run.",OR
"Stable enough for non-intensive work.",OR
"Does its job without major complaints.",OR
"System maintains coherent operational behavior.",CG
"Modular actions feel synchronized.",CG
"Predictable response across repeated triggers.",CG
"Flow control is clearly optimized.",CG
"Consistency remains intact under various inputs.",CG
"Good day-to-day usability.",OR
"Handles workload fairly.",OR
"Mostly reliable for normal tasks.",OR
"A few tiny issues, nothing critical.",OR
"Pretty decent overall.",OR
"Refined transitions help maintain performance.",CG
"Execution is clean and minimally variable.",CG
"Structured input handling remains stable.",CG
"Outcome stability is consistent and repeatable.",CG
"Underlying design supports logical flow.",CG
"Useful enough for what I expect.",OR
"Nothing too special, but fine.",OR
"Does the basic tasks properly.",OR
"Smooth for smaller workloads.",OR
"Doesn’t struggle under normal load.",OR
"Optimized handling results in clean operation.",CG
"Performance pace stays uniform.",CG
"Reliable task mapping across usage.",CG
"Consistent response across cycles.",CG
"Maintains predictable throughput levels.",CG
"I've been using this for a while and it's decent. Not perfect but works fine. No noticeable issues.",OR
"The product arrived on time and performs as expected. Performs consistently.",OR
"Overall it's okay. Some minor issues but nothing too serious. Works as intended.",OR
"It works well for daily use and I haven't faced major problems. Overall good.",OR
"Pretty satisfied with the performance so far. Works as intended.",OR
"This product offers a smooth and reliable experience with consistent performance. No noticeable issues.",CG
"The overall design feels deliberate and thoughtfully optimized. Overall good.",CG
"It provides a balanced combination of functionality and ease of use. Works as intended.",CG
"Performance remains stable across typical usage scenarios. Highly recommended.",CG
"The experience is intuitive and aligns well with user expectations. Performs consistently.",CG
"Not outstanding but works fine for daily usage.",OR
"Some lag spikes but still acceptable.",OR
"Good for basic routine actions.",OR
"Simple enough for anyone to use.",OR
"Meets the bare minimum requirements.",OR
"Shows refined coordination between internal processes.",CG
"Delivers uniform and predictable output.",CG
"Smooth operational rhythm through repeated actions.",CG
"Internal handling seems systematically structured.",CG
"Functional consistency is easy to notice.",CG
"Works okay unless under very heavy use.",OR
"Normal performance for everyday needs.",OR
"Pretty handy and not overcomplicated.",OR
"Reasonable behavior for standard tasks.",OR
"It does what it says.",OR
"System architecture feels tuned for stability.",CG
"Responds in a steady and efficient manner.",CG
"Shows balanced structural refinement.",CG
"Maintains reliable throughput under load.",CG
"Flow remains deliberate and uniform.",CG
"Good enough for general purpose use.",OR
"Some delays sometimes but overall manageable.",OR
"It covers my basic requirements.",OR
"Not the smoothest but fairly stable.",OR
"Mostly acceptable with rare issues.",OR
"Structured execution enables reliable cycles.",CG
"Runtime consistency is noticeable.",CG
"Overall flow seems carefully refined.",CG
"Transitions across operations remain balanced.",CG
"Shows controlled behavior throughout processes.",CG
"Not too fast but handles tasks fine.",OR
"A few minor defects but nothing big.",OR
"Easy to use for daily functions.",OR
"Holds up during light tasks.",OR
"Good for entry-level usage.",OR
"The internal mechanisms feel optimized.",CG
"Maintains deliberate timing in performance.",CG
"Operational patterns appear consistent.",CG
"Stable execution under typical scenarios.",CG
"Smooth alignment across system interactions.",CG
"Good for minimal operations.",OR
"Handles basic workloads fine.",OR
"Not flawless but very usable.",OR
"Functions well enough overall.",OR
"Decent performance for what you pay.",OR
"Structured behavior ensures stable outputs.",CG
"Smooth progression between task states.",CG
"Optimized internal decision flow.",CG
"Reliable mapping between actions and responses.",CG
"Operational behavior remains consistent.",CG
"Pretty solid for what I need.",OR
"Some tiny hiccups but works.",OR
"Responds well under small tasks.",OR
"Reasonable consistency for normal operations.",OR
"Steady enough for ongoing use.",OR
"Strong calibration throughout performance.",CG
"Maintains clarity in runtime structure.",CG
"Predictable output under repeated execution.",CG
"Smooth input processing with low deviation.",CG
"Deliberate functionality evident across tasks.",CG
"Works well as a simple everyday tool.",OR
"Handles average loads efficiently.",OR
"Minimal issues overall.",OR
"Acceptable for casual use.",OR
"Good enough for practical tasks.",OR
"Stable and refined task throughput.",CG
"Maintains reliable synchronization.",CG
"Output uniformity is maintained well.",CG
"Adaptation across tasks is smooth.",CG
"Engineered refinement shows across sequences.",CG
"Decent reliability with small flaws.",OR
"Not too buggy and runs fine.",OR
"Performs within my expectations.",OR
"Works smoothly under light conditions.",OR
"Doesn’t struggle with everyday tasks.",OR
"I've been using this for a while and it's decent. Not perfect but works fine. Highly recommended.",OR
"The product arrived on time and performs as expected. Works as intended.",OR
"Overall it's okay. Some minor issues but nothing too serious. Overall good.",OR
"It works well for daily use and I haven't faced major problems. Performs consistently.",OR
"Pretty satisfied with the performance so far. No noticeable issues.",OR
"This product offers a smooth and reliable experience with consistent performance. Overall good.",CG
"The overall design feels deliberate and thoughtfully optimized. Performs consistently.",CG
"It provides a balanced combination of functionality and ease of use. Highly recommended.",CG
"Performance remains stable across typical usage scenarios. Works as intended.",CG
"The experience is intuitive and aligns well with user expectations. No noticeable issues.",CG
"Does a solid job for typical tasks.",OR
"Sometimes slow but still acceptable.",OR
"Meets the expected performance for its price.",OR
"Very simple to operate and understand.",OR
"Functions reasonably well for everyday needs.",OR
"Systematic layout ensures refined execution.",CG
"Shows stable cycling across routine operations.",CG
"Consistent and predictable during heavy repetition.",CG
"Internal mechanisms feel carefully engineered.",CG
"Transitions remain smooth and intentional.",CG
"Good enough for most daily tasks.",OR
"Some rare freezes but workable.",OR
"Easy to manage and handle.",OR
"Steady performance for non-demanding tasks.",OR
"Satisfying overall reliability.",OR
"Maintains tuned and stable performance cycles.",CG
"Displays properly balanced system flow.",CG
"Predictable output characteristics.",CG
"Engineered cohesion evident in responses.",CG
"Transition curve remains calibrated.",CG
"Fine for basic usage at home or work.",OR
"Nothing too fancy but gets the job done.",OR
"Reliable for simple operations.",OR
"Performs adequately with average load.",OR
"Overall smooth functioning.",OR
"Performance curve stays steady and refined.",CG
"Minimal drift in task execution.",CG
"Procedures follow well-balanced steps.",CG
"Engineered for consistent behavior.",CG
"Maintains synchronized internal cycles.",CG
"Good for light use cases.",OR
"A few hiccups but nothing concerning.",OR
"Decent build quality for budget users.",OR
"Works well for everyday routines.",OR
"No major disappointments here.",OR
"Internal operations optimized for control.",CG
"Maintains a composed and steady pace.",CG
"Reliable patterns across repeated inputs.",CG
"Stable coordination in processing tasks.",CG
"Designed for predictable user flow.",CG
"Functional for normal workloads.",OR
"Does the job well for simple needs.",OR
"Some performance dips but manageable.",OR
"Mostly stable for routine activities.",OR
"Acceptable experience overall.",OR
"Stable output with intentional engineering.",CG
"Internal logic remains consistent across cycles.",CG
"Smooth transitions during processing.",CG
"Optimized design ensures balanced performance.",CG
"Predictable behavior under typical usage.",CG
"Not too advanced but works consistently.",OR
"Slight lag sometimes but tolerable.",OR
"User-friendly and easy to navigate.",OR
"Maintains reasonable performance levels.",OR
"Good choice for casual daily use.",OR
"Performance execution remains concise and reliable.",CG
"Runtime flow feels intentionally structured.",CG
"Transitions hold steady and controlled.",CG
"Smooth output even under small load changes.",CG
"Executed with refined internal stability.",CG
"Dependable for day-to-day activity.",OR
"Little sluggish sometimes but still fine.",OR
"Maintains ok behavior under light usage.",OR
"Works fairly for predictable tasks.",OR
"Delivered as expected.",OR
"Consistent behavior suggests stable engineering.",CG
"Maintains a clean performance trajectory.",CG
"Shows minimal performance deviation.",CG
"Efficient behavior under repeated actions.",CG
"Steady execution across active cycles.",CG
"Fine performance with minimal issues.",OR
"Good general usability for normal tasks.",OR
"Meets basic expectations for the cost.",OR
"Mostly smooth and predictable.",OR
"Reliable enough across everyday routines.",OR
"I've been using this for a while and it's decent. Not perfect but works fine. Works as intended.",OR
"The product arrived on time and performs as expected. Overall good.",OR
"Overall it's okay. Some minor issues but nothing too serious. Performs consistently.",OR
"It works well for daily use and I haven't faced major problems. No noticeable issues.",OR
"Pretty satisfied with the performance so far. Highly recommended.",OR
"This product offers a smooth and reliable experience with consistent performance. Works as intended.",CG
"The overall design feels deliberate and thoughtfully optimized. Overall good.",CG
"It provides a balanced combination of functionality and ease of use. Performs consistently.",CG
"Performance remains stable across typical usage scenarios. Works as intended.",CG
"The experience is intuitive and aligns well with user expectations. Highly recommended.",CG
"Good enough for regular light usage.",OR
"Some stutter at times but acceptable.",OR
"Sufficient for day-to-day requirements.",OR
"Very simple operation and layout.",OR
"Nice performance for basic tasks.",OR
"Shows aligned performance cycles with minimal drift.",CG
"Internal processes appear synchronized.",CG
"Transitions during execution feel refined.",CG
"Delivers consistent results under controlled conditions.",CG
"Reliable structural behavior across actions.",CG
"Suitable for average household tasks.",OR
"A bit slow occasionally but works.",OR
"Functional for my everyday work.",OR
"Mild issues but nothing problematic.",OR
"Easy enough for regular use.",OR
"Processing curve demonstrates refined balancing.",CG
"Predictable and methodical response flow.",CG
"Maintains internal uniformity throughout operation.",CG
"Shows stable progression across system tasks.",CG
"Design emphasizes coherent structure.",CG
"Good for casual users and simple tasks.",OR
"Not too powerful but manages fine.",OR
"Average performance but consistent.",OR
"Usable for normal, routine actions.",OR
"Nothing majorly wrong with it.",OR
"Stays aligned with expected performance ranges.",CG
"Smooth behavioral pattern through cycles.",CG
"Maintains dependable execution timing.",CG
"Stable under repetitive interactions.",CG
"Predictable across multiple operations.",CG
"It performs reasonably for small workloads.",OR
"A few minor bugs but manageable.",OR
"Easy enough to operate for beginners.",OR
"Mostly stable with rare hiccups.",OR
"Works fine for routine tasks.",OR
"Strong alignment with optimized internal mechanics.",CG
"Consistent output pattern through extended sessions.",CG
"Transitions behave deliberately and smoothly.",CG
"Stable mechanisms during usage.",CG
"System design supports refined execution.",CG
"Good for simple and low-load use.",OR
"Reliable enough for standard performance.",OR
"A couple of delays but not frequent.",OR
"Suggests fair reliability overall.",OR
"No major operational issues.",OR
"Internal optimization produces steady results.",CG
"Well-distributed performance flow.",CG
"Uniform response timing across tests.",CG
"Smooth performance during repeated actions.",CG
"Maintains structural intentionality across tasks.",CG
"Works fine for everyday handling.",OR
"Not too fast but functional.",OR
"Slight lag under pressure but acceptable.",OR
"Good for predictable usage patterns.",OR
"General performance is decent.",OR
"Design decisions reflect consistent intent.",CG
"Maintains predictable and clean transitions.",CG
"Modular behavior suggests refined engineering.",CG
"Ensures reliable output across cycles.",CG
"Stable framework under typical load.",CG
"Pretty acceptable for the price.",OR
"Manages regular operations well enough.",OR
"Mostly continuous performance with few drops.",OR
"Not very advanced but does the job.",OR
"Usual everyday performance is stable.",OR
"Careful calibration visible in runtime behavior.",CG
"Shows planned behavior across system operations.",CG
"Well-organized internal handling.",CG
"Predictable responses with minimal deviation.",CG
"Consistent structure supports long usage cycles.",CG
"Fine for low-intensity tasks.",OR
"Occasionally slow startup but usable.",OR
"Reliable in short daily tasks.",OR
"Simple design ensures easy operation.",OR
"Good for basic, essential needs.",OR
"I've been using this for a while and it's decent. Not perfect but works fine. Overall good.",OR
"The product arrived on time and performs as expected. Performs consistently.",OR
"Overall it's okay. Some minor issues but nothing too serious. Works as intended.",OR
"It works well for daily use and I haven't faced major problems. Highly recommended.",OR
"Pretty satisfied with the performance so far. Works as intended.",OR
"This product offers a smooth and reliable experience with consistent performance. No noticeable issues.",CG
"The overall design feels deliberate and thoughtfully optimized. Works as intended.",CG
"It provides a balanced combination of functionality and ease of use. Performs consistently.",CG
"Performance remains stable across typical usage scenarios. Overall good.",CG
"The experience is intuitive and aligns well with user expectations. Highly recommended.",CG
"Not the best, not the worst — it works.",OR
"Easy to handle for basic activities.",OR
"Sometimes a little slow but manageable.",OR
"Simple layout helps with usability.",OR
"Satisfying performance for the cost.",OR
"Execution pattern shows reliable alignment.",CG
"Internal processes follow a controlled structure.",CG
"Predictable operation during typical tasks.",CG
"Smooth transitions in active processes.",CG
"Runtime behavior feels consistently refined.",CG
"Works for minimal tasks without issues.",OR
"A few minor hiccups but not deal-breaking.",OR
"Does fine for basic daily needs.",OR
"Good enough for small workloads.",OR
"Not perfect but meets expectations.",OR
"Operational flow remains stable and systematic.",CG
"Performance consistency is easily noticeable.",CG
"Transitions handled with deliberate smoothness.",CG
"System shows cohesive interaction logic.",CG
"Stable across repeated usage attempts.",CG
"Reasonable performance for day-to-day work.",OR
"Occasional slowdowns but acceptable.",OR
"Usability is good for simple tasks.",OR
"Performs okay under standard load.",OR
"No major issues to complain about.",OR
"Balanced response behavior in execution.",CG
"Internal coordination remains aligned.",CG
"Stable cycle timing and predictable flow.",CG
"Shows controlled transitions between tasks.",CG
"Optimized setup supports consistent output.",CG
"Solid choice for a basic user.",OR
"Functional in most normal cases.",OR
"Minor lag sometimes but manageable.",OR
"Pretty stable experience overall.",OR
"Average performance but reliable enough.",OR
"Refined calibration in internal processes.",CG
"Structured execution across all tasks.",CG
"Smooth runtime handling and consistency.",CG
"Predictable flow throughout multiple operations.",CG
"Performance curves stay consistent.",CG
"Fits basic requirements without fail.",OR
"Some slight errors but works fine.",OR
"Handles most everyday tasks properly.",OR
"Not exceptional but functional enough.",OR
"Pretty easy to use overall.",OR
"Deliberately engineered workflow pathway.",CG
"Stable internal rhythm during tasks.",CG
"Minimal variation in response times.",CG
"Reliable across different input conditions.",CG
"Operational fit feels intentional and precise.",CG
"Good for routine, non-demanding tasks.",OR
"Works alright even under mild pressure.",OR
"Occasionally stutters but acceptable.",OR
"Performance is generally stable.",OR
"Useful without any major issues.",OR
"Carefully tuned transitions noticeable in tasks.",CG
"Consistent output under extended use.",CG
"Aligned behavior across dynamic conditions.",CG
"Delivers stable functionality repeatedly.",CG
"Well-structured interaction mapping.",CG
"Decent usability for the price.",OR
"Manages normal application workload well.",OR
"Slightly inconsistent but overall fine.",OR
"Smooth enough for basic performance.",OR
"Acceptable experience across everyday sessions.",OR
"Logical structure ensures stable flow.",CG
"Behavioral performance remains under control.",CG
"Predictable system responses.",CG
"Smooth procedural execution.",CG
"Clearly optimized process chain.",CG
"Good enough for simple household use.",OR
"A few tiny glitches but nothing drastic.",OR
"Steady in non-complex tasks.",OR
"Responsive enough for most users.",OR
"Reasonably functional given the price.",OR
"I've been using this for a while and it's decent. Not perfect but works fine. Performs consistently.",OR
"The product arrived on time and performs as expected. Highly recommended.",OR
"Overall it's okay. Some minor issues but nothing too serious. Overall good.",OR
"It works well for daily use and I haven't faced major problems. Works as intended.",OR
"Pretty satisfied with the performance so far. No noticeable issues.",OR
"This product offers a smooth and reliable experience with consistent performance. Performs consistently.",CG
"The overall design feels deliberate and thoughtfully optimized. No noticeable issues.",CG
"It provides a balanced combination of functionality and ease of use. Highly recommended.",CG
"Performance remains stable across typical usage scenarios. Works as intended.",CG
"The experience is intuitive and and aligns well with user expectations. Performs consistently.",CG
"Not very fast but handles basic use.",OR
"Some tiny flaws but workable.",OR
"Fine for essential routine tasks.",OR
"Easy interface and minimal complexity.",OR
"Good enough for low-demand usage.",OR
"Well-defined processing pattern observed.",CG
"Transitions between tasks remain orderly.",CG
"Mechanical workflow appears well-balanced.",CG
"Stable functional cycles across usage.",CG
"The runtime alignment feels deliberate and consistent.",CG
"Decent enough for what it's meant for.",OR
"Occasionally slow but reasonable.",OR
"Simple to set up and operate.",OR
"Slight delay but nothing too bad.",OR
"Fair overall performance.",OR
"Smooth execution and calibrated internal behavior.",CG
"Runtime decisions follow intentional design.",CG
"Uniform performance across extended use.",CG
"Input mapping remains stable.",CG
"Consistent action-response cycle.",CG
"Reliable for casual operation needs.",OR
"Entry-level performance but acceptable.",OR
"Fairly easy to work with.",OR
"A few response delays but manageable.",OR
"Does its intended job well enough.",OR
"Behavior is predictable and reliable.",CG
"Stable system navigation performance.",CG
"Transitions exhibit calculated precision.",CG
"Internal sequence management appears optimized.",CG
"Operational harmony across processes.",CG
"Useful for non-heavy workloads.",OR
"Good for predictable everyday actions.",OR
"Not too slow, not too fast — average.",OR
"Manageable delays sometimes.",OR
"Works fine in most scenarios.",OR
"Refined synchronization in internal flow.",CG
"Maintains consistent stability.",CG
"Transitions appear fully calibrated.",CG
"Shows structured performance under load.",CG
"Predictable handling of output behavior.",CG
"Practical functionality for routine tasks.",OR
"Fair reliability under simple usage.",OR
"Sometimes hesitates but still functional.",OR
"Enough performance for casual routines.",OR
"Overall okay for daily users.",OR
"Smooth runtime cycle with minimal deviation.",CG
"Structural clarity in internal mechanics.",CG
"Consistent routine engagement.",CG
"Predictable transitions through runtime steps.",CG
"Low drift across repeated sessions.",CG
"Works fairly well for smaller tasks.",OR
"Slight hiccups but minimal.",OR
"Stable under low activity.",OR
"Simple layout and predictable behavior.",OR
"Good performance for basic use cases.",OR
"Runs efficiently under designed conditions.",CG
"Shows structured activity handling.",CG
"Predictable performance mapping.",CG
"Maintains consistency during repetitive processes.",CG
"Optimized for stable output.",CG
"Nothing majorly wrong with it so far.",OR
"Some occasional lag but fine overall.",OR
"Acceptable performance margin.",OR
"Handles routine actions efficiently.",OR
"Decent for everyday use.",OR
"Well-tuned internal behavior pacing.",CG
"Clear stability characteristics across operations.",CG
"Engineered to maintain consistent activity flow.",CG
"Predictable system logic.",CG
"Well-balanced interaction timing.",CG
"Functional under normal operating range.",OR
"A few tiny delays but usable.",OR
"Good enough for practical tasks.",OR
"Not super smooth but okay for now.",OR
"No serious concerns so far.",OR
"I've been using this for a while and it's decent. Not perfect but works fine. Works as intended.",OR
"The product arrived on time and performs as expected. No noticeable issues.",OR
"Overall it's okay. Some minor issues but nothing too serious. Highly recommended.",OR
"It works well for daily use and I haven't faced major problems. Overall good.",OR
"Pretty satisfied with the performance so far. Works as intended.",OR
"This product offers a smooth and reliable experience with consistent performance. Overall good.",CG
"The overall design feels deliberate and thoughtfully optimized. Works as intended.",CG
"It provides a balanced combination of functionality and ease of use. Performs consistently.",CG
"Performance remains stable across typical usage scenarios. No noticeable issues.",CG
"The experience is intuitive and aligns well with user expectations. Performs consistently.",CG
"Acceptable general performance.",OR
"Some delays occasionally but usable.",OR
"Good enough for minimal daily tasks.",OR
"Straightforward and easy approach.",OR
"Works as expected for light usage.",OR
"Engineered stability across runtime.",CG
"Transitions remain deliberate and controlled.",CG
"Predictable results under varied usage.",CG
"Internal operations feel intentionally structured.",CG
"Consistent activity mapping through sessions.",CG
"Fine for simple household tasks.",OR
"Handles normal workloads with few issues.",OR
"Nothing exceptional but does the job.",OR
"Simple operation and reasonable stability.",OR
"Pretty standard performance overall.",OR
"Well-organized sequencing inside the system.",CG
"Transition states remain clean.",CG
"Balanced behavior across typical usage cycles.",CG
"Predictable under controlled conditions.",CG
"Calibrated for smooth functionality.",CG
"Good choice for non-heavy tasks.",OR
"Sometimes hesitates but manageable.",OR
"Functional under expected limits.",OR
"Performs reasonably well for the price.",OR
"Decent reliability with minor flaws.",OR
"System behavior appears deliberate.",CG
"Internal flow is smooth and balanced.",CG
"Stable across repetitive input patterns.",CG
"Consistent reaction time through tests.",CG
"Transitions operate cleanly.",CG
"Acceptable usability for everyday needs.",OR
"Some small bugs but nothing major.",OR
"Works fine for standard operations.",OR
"Handles simple activities efficiently.",OR
"Overall predictable behavior.",OR
"Runtime design supports consistent execution.",CG
"Stable interactions with minimal variance.",CG
"Refined logic present in core functions.",CG
"Optimized for predictable user flow.",CG
"Displays stable structural behavior.",CG
"Smooth enough for normal users.",OR
"Reasonably quick for basic demands.",OR
"Occasional pauses but nothing serious.",OR
"Very usable for everyday routines.",OR
"Meets most basic expectations.",OR
"Maintains refined processing flow.",CG
"Demonstrates uniform task handling.",CG
"Transitions remain stable across actions.",CG
"Consistent under several workloads.",CG
"Clear optimization in internal timing.",CG
"Acceptable for non-intensive performance.",OR
"A little slow but overall fine.",OR
"Good for predictable tasks.",OR
"Fair stability under daily use.",OR
"No serious problems encountered.",OR
"Exhibits structured operational behavior.",CG
"Consistent across varied repeated tasks.",CG
"Well-handled workflow transitions.",CG
"Predictable task progression.",CG
"Steady performance during runtime.",CG
"Basic and functional for normal routines.",OR
"Some glitches here and there but ok.",OR
"Easy to navigate for beginners.",OR
"Decent behavior under moderate load.",OR
"Reliable for essential operations.",OR
"Controlled performance across internal cycles.",CG
"Unified behavior across multiple inputs.",CG
"Smooth and stable runtime.",CG
"System transitions remain coherent.",CG
"Precise output flow during tasks.",CG
"Useful for regular daily tasks.",OR
"Minor slow spots but nothing major.",OR
"Handles expected workloads well.",OR
"Fair for non-heavy activities.",OR
"Good average-level performance.",OR
"Fine-tuned internal stability.",CG
"Predictable load handling.",CG
"Well-designed behavior cycles.",CG
"Smooth efficiency during execution.",CG
"Clear functional consistency.",CG
