text,label
Good delivery speed and decent quality.,0
Dependable for day-to-day activity.,0
Slight lag sometimes but tolerable.,0
This product offers a smooth and reliable experience with consistent performance. Works as intended.,1
Not exceptional but functional enough.,0
This product offers a smooth and reliable experience with consistent performance. Performs consistently.,1
No major issues to complain about.,0
Fair performance with a few limitations.,0
Aligned behavior across dynamic conditions.,1
Model architecture supports reliable execution.,1
Good overall performance considering the price.,0
Works for minimal tasks without issues.,0
Internal coordination remains aligned.,1
Some delays occasionally but usable.,0
It provides a balanced combination of functionality and ease of use.,1
Good enough for small workloads.,0
Pretty satisfied with the performance so far. No noticeable issues.,0
Manageable performance in most tests.,0
System architecture feels tuned for stability.,1
Stable across repetitive input patterns.,1
A few stutters here and there but manageable.,0
Pretty satisfied with the performance so far. Works as intended.,0
Runtime behavior feels consistently refined.,1
Maintains synchronized internal cycles.,1
Occasional slowdowns but acceptable.,0
Streamlines user workflow effectively.,1
The experience is intuitive and and aligns well with user expectations. Performs consistently.,1
Satisfactory performance with minor flaws.,0
Mostly smooth and dependable.,0
Refinement evident in runtime behavior.,1
Maintains a predictable response curve.,1
It works well for daily use and I haven't faced major problems.,0
Works fairly for predictable tasks.,0
The product arrived on time and performs as expected. Performs consistently.,0
Functional for my everyday work.,0
The product is fairly useful and meets expectations.,0
Simple and efficient for daily tasks.,0
A few minor defects but nothing big.,0
Internal operations feel intentionally structured.,1
Seems engineered with robust internal logic.,1
Works fine for standard operations.,0
The experience is intuitive and aligns well with user expectations. No noticeable issues.,1
The performance trajectory is stable long-term.,1
"Not the best, not the worst — it works.",0
Acceptable usability for everyday needs.,0
Behavioral performance remains under control.,1
The product arrived on time and performs as expected.,0
General behavior remains orderly.,1
Reliable interface behavior over repeated cycles.,1
Mostly acceptable with rare issues.,0
Maintains predictable performance flows.,1
Stability maintained during repeated use.,1
The experience is intuitive and aligns well with user expectations. Overall good.,1
The product arrived on time and performs as expected. Highly recommended.,0
Consistent throughput during extended use.,1
Simple enough for anyone to use.,0
Good for someone who needs basic performance.,0
Runtime decisions follow intentional design.,1
Stable behavioral pattern across runtime.,1
Smooth and reliable function with clean transitions between tasks.,1
"Nothing too special, but fine.",0
Pretty good value for budget users.,0
Transitions remain carefully controlled.,1
Efficient behavior under repeated actions.,1
Intentional interaction patterns are evident.,1
Intended flow appears well integrated.,1
Well-handled workflow transitions.,1
I don’t notice any big flaws.,0
Well-balanced interaction timing.,1
Mostly smooth and predictable.,0
Handles smaller tasks with no issue.,0
It works fine without major trouble.,0
Execution flow remains stable and predictable.,1
Smooth execution cycles reflect calibrated processing.,1
Some small bugs but nothing major.,0
Coordinated transitions enhance usability.,1
Doesn’t surprise but doesn’t disappoint.,0
Simple and easy to manage.,0
Modular behavior suggests refined engineering.,1
Consistent with expected usage patterns.,1
Predictable response across repeated triggers.,1
The modular components seem well integrated.,1
Nothing exceptional but does the job.,0
"Decent quality overall, does what it is supposed to.",0
Not the smoothest but fairly stable.,0
Fits the purpose well enough.,0
Reliable mapping between actions and responses.,1
Structured behavior confirms optimized design.,1
Provides enough performance for usual needs.,0
It works well for daily use and I haven't faced major problems. Highly recommended.,0
"Usable for normal, routine actions.",0
Engineered for consistent behavior.,1
Some minor lag at times but manageable.,0
Logical structure ensures stable flow.,1
Consistency remains intact under various inputs.,1
Good for simple tasks.,0
Still functional even with mild flaws.,0
Decent build quality for budget users.,0
Feels stable for long-term repeated use.,0
Mostly stable with rare hiccups.,0
Serves the purpose for now.,0
No serious issues noticed so far.,0
Transitions remain stable across actions.,1
Shows precise consistency during tasks.,1
Fine for basic usage at home or work.,0
Fine-tuned internal stability.,1
Smooth performance during repeated actions.,1
Well-structured interaction mapping.,1
Output variations remain minimal.,1
It works well for daily use and I haven't faced major problems. Highly recommended.,0
Satisfying overall reliability.,0
Uniform response timing across tests.,1
Everything runs predictably without noticeable issues.,1
Smooth enough for basic purposes.,0
User interactions remain structured.,1
Pretty satisfied with the performance so far.,0
Overall it's okay. Some minor issues but nothing too serious.,0
Maintains a clean performance trajectory.,1
Maintains predictable and clean transitions.,1
Not too strong but functional.,0
It provides a balanced combination of functionality and ease of use. Performs consistently.,1
Shows well-defined handling patterns.,1
Smooth alignment across system interactions.,1
Overall it's okay. Some minor issues but nothing too serious. Highly recommended.,0
It provides a balanced combination of functionality and ease of use. Works as intended.,1
Shows reliable alignment across inputs.,1
Overall it's okay. Some minor issues but nothing too serious. Performs consistently.,0
The experience is intuitive and aligns well with user expectations. No noticeable issues.,1
Stable enough for general operation.,0
Predictable output characteristics.,1
Slight lag under pressure but acceptable.,0
Shows strong consistency under steady load.,1
Good enough for regular light usage.,0
The overall design feels deliberate and thoughtfully optimized. Performs consistently.,1
Predictable task progression.,1
Internal sequence management appears optimized.,1
Fine for low-intensity tasks.,0
Reliable patterns across repeated inputs.,1
Good for entry-level usage.,0
Well-defined procedural rhythm.,1
The performance is predictably stable and well-structured.,1
Predictable rhythm in operations.,1
Overall predictable behavior.,0
Mostly stable for prolonged tasks.,0
System responses remain predictable.,1
This product offers a smooth and reliable experience with consistent performance. Overall good.,1
Engineered stability across runtime.,1
The overall design feels deliberate and thoughtfully optimized. Works as intended.,1
I've been using this for a while and it's decent. Not perfect but works fine. Works as intended.,0
Performs adequately with standard workload.,0
Smooth experience for general usage.,0
Basic and functional for normal routines.,0
The product arrived on time and performs as expected. Works as intended.,0
Works smoothly for the tasks I need.,0
Mechanical workflow appears well-balanced.,1
Reasonably stable for continuous use.,0
Reliable for everyday routines.,0
Meets the expected performance for its price.,0
Some tiny flaws but workable.,0
Mostly stable in operation.,0
Handles simple operations with ease.,0
Functional under normal operating range.,0
This product showcases a consistent performance pattern backed by well-tuned architecture.,1
Smooth internal synchronization.,1
Execution maintains expected consistency.,1
Overall dependable.,0
Works fine for simple tasks and doesn’t lag.,0
Underlying configuration promotes efficient cycles.,1
"Simple interface, easy to work with.",0
Reasonable for the price; nothing extraordinary.,0
Maintains tuned and stable performance cycles.,1
Minor slow spots but nothing major.,0
Pretty satisfied with the performance so far. Overall good.,0
Modular actions feel synchronized.,1
Solid usability with minor drawbacks.,0
Predictable load handling.,1
Easy to use for daily functions.,0
Systematic layout ensures refined execution.,1
Maintains dependable execution timing.,1
Good average-level performance.,0
Underlying system shows deliberate optimization.,1
Performance seems intentionally optimized.,1
Performs reasonably well for the price.,0
This product offers a smooth and reliable experience with consistent performance.,1
Reliable enough for standard performance.,0
Works smoothly under light conditions.,0
Reliable task mapping across usage.,1
Nice performance for basic tasks.,0
Simple layout helps with usability.,0
Procedures remain clearly optimized.,1
Acceptable for everyday tasks.,0
Stable across diverse use conditions.,1
Fair stability under daily use.,0
Follows well-structured processing flow.,1
Meets my minimum expectations.,0
Performance is fine for the cost.,0
I’ve noticed minor lag but nothing serious.,0
Well-distributed performance flow.,1
Acceptable considering the cost.,0
It works well for daily use and I haven't faced major problems. No noticeable issues.,0
Meets basic expectations for the cost.,0
Transition states remain clean.,1
Practical and easy to operate.,0
Predictable behavior under typical usage.,1
Reasonably good for basic use.,0
A few slowdowns but acceptable reliability.,0
A few slowdowns here and there.,0
Stable performance in controlled workloads.,1
The experience is intuitive and aligns well with user expectations. Highly recommended.,1
Fine-tuned to maintain structured behavior.,1
Useful for regular daily tasks.,0
Good for low-usage scenarios.,0
Works fairly well for smaller tasks.,0
Performance remains stable across typical usage scenarios.,1
Behavior is predictable and reliable.,1
It provides a balanced combination of functionality and ease of use. Highly recommended.,1
Good overall reliability.,0
Nothing majorly wrong with it.,0
Mostly functions without trouble.,0
This product offers a smooth and reliable experience with consistent performance. No noticeable issues.,1
Good enough for low-demand usage.,0
Not bad for basic daily usage.,0
Decent reliability with minor flaws.,0
Does a solid job for typical tasks.,0
Mild issues but nothing problematic.,0
Not overly powerful but good enough.,0
System appears neatly optimized.,1
Good for casual personal use.,0
Reliable in short daily tasks.,0
This product offers a smooth and reliable experience with consistent performance. No noticeable issues.,1
It maintains stable interaction and handles tasks effectively.,1
Battery life is okay depending on workload.,0
Decent enough for what it's meant for.,0
Shows refined coordination between internal processes.,1
Not too powerful but manages fine.,0
Optimized design ensures balanced performance.,1
Execution pattern shows reliable alignment.,1
Transitions stay aligned with expectations.,1
"Moderately good build quality, fair performance.",0
It meets expectations in most use cases.,0
It fulfills my requirement without issues.,0
Nothing too impressive but adequate.,0
Little slow sometimes but still fine.,0
Fair results for its category.,0
Steady in non-complex tasks.,0
Performance curves stay consistent.,1
Underlying optimization delivers comparable results across tests.,1
It’s okay for regular tasks.,0
Transitions are predictably smooth.,1
"Not too slow, not too fast — average.",0
Smooth behavioral pattern through cycles.,1
Sequences follow a controlled pattern.,1
Smooth runtime handling and consistency.,1
It does what it says.,0
Smooth operational rhythm through repeated actions.,1
Good choice for basic needs.,0
Very usable for simple scenarios.,0
Does fine for basic daily needs.,0
Consistent output under extended use.,1
Positioning of subsystems ensures stability.,1
Doesn’t underperform for standard tasks.,0
Functional enough but nothing extraordinary.,0
I've been using this for a while and it's decent. Not perfect but works fine. No noticeable issues.,0
Internal operations optimized for control.,1
Stable execution under typical scenarios.,1
Maintains deliberate timing in performance.,1
Task execution demonstrates stable engineering.,1
Resilient structure during repetitive tasks.,1
Normal use works perfectly fine for me.,0
Pretty handy and not overcomplicated.,0
The overall design feels deliberate and thoughtfully optimized.,1
Consistent structural pattern throughout runtime.,1
Transitions remain deliberate and controlled.,1
Stays aligned with expected performance ranges.,1
Streamlined workflow performance.,1
Practical functionality for routine tasks.,0
The product arrived safely and does exactly what it claims.,0
Good enough for simple household use.,0
No significant functional faults.,0
A few tiny glitches but nothing drastic.,0
Stable under low activity.,0
Works fine for non-intensive use.,0
Systematic construction results in stable outputs.,1
Works alright even under mild pressure.,0
Works reliably for now; long-term performance still unclear.,0
Predictable flow throughout multiple operations.,1
Shows aligned performance cycles with minimal drift.,1
Not too fast but functional.,0
Performs within my expectations.,0
The overall design feels deliberate and thoughtfully optimized. Highly recommended.,1
Shows controlled pacing under load.,1
Operational phases remain structured.,1
Manages daily usage just fine.,0
Fair for non-heavy activities.,0
Reliable for what I need daily.,0
Shows controlled behavior throughout processes.,1
Minor imperfections but useful overall.,0
Displays properly balanced system flow.,1
It provides a balanced combination of functionality and ease of use. Highly recommended.,1
The experience is intuitive and aligns well with user expectations.,1
"Decent general performance, enough for everyday tasks.",0
Performance execution remains concise and reliable.,1
Does a decent job at most tasks.,0
"The performance could be slightly better, but acceptable for now.",0
Engineered for consistent pace.,1
Occasionally slow startup but usable.,0
Functional in most normal cases.,0
Very simple operation and layout.,0
Consistent distribution of output quality.,1
User-friendly and easy to navigate.,0
Remains consistent throughout interactions.,1
Handles simple activities efficiently.,0
Good enough for practical tasks.,0
Overall it's okay. Some minor issues but nothing too serious. Works as intended.,0
Good for general household usage.,0
Minimal issues overall.,0
Structured execution enables reliable cycles.,1
Works as expected for light usage.,0
Some stutter at times but acceptable.,0
Nothing extraordinary but fulfills the purpose well enough.,0
Not very advanced but does the job.,0
The overall design feels deliberate and thoughtfully optimized. Works as intended.,1
Dependable enough for continued use.,0
Consistently reliable across test cases.,1
Transition curve remains calibrated.,1
It covers my basic requirements.,0
Minimal issues experienced throughout.,0
Works fine for everyday handling.,0
It works well for daily use and I haven't faced major problems. No noticeable issues.,0
Transitions between tasks remain orderly.,1
Maintains logical flow throughout operations.,1
Reasonably quick for basic demands.,0
Performance remains stable across typical usage scenarios. Works as intended.,1
No critical issues so far.,0
System interactions feel guidance-driven and reliable.,1
Slight hiccups but minimal.,0
The product arrived on time and performs as expected. Overall good.,0
Sometimes hesitates but manageable.,0
Acceptable for typical user needs.,0
The experience is intuitive and aligns well with user expectations. Highly recommended.,1
Stable and refined task throughput.,1
Internal execution remains fine-tuned.,1
The overall design feels deliberate and thoughtfully optimized.,1
Clean structural execution and reliable design.,1
Acceptable experience overall.,0
It works well for daily use and I haven't faced major problems. No noticeable issues.,0
Reasonable performance with balanced features.,0
Minimal variation in response times.,1
Displays stable structural behavior.,1
Stable enough for what I need.,0
Pretty satisfied with the performance so far.,0
Performance remains stable across typical usage scenarios. Works as intended.,1
Functions reasonably well for everyday needs.,0
Runs effectively under guided conditions.,1
Behavioral timing is controlled and predictable.,1
Reasonable behavior for standard tasks.,0
Processes exhibit refined calibration.,1
It works well for daily use and I haven't faced major problems. Works as intended.,0
System integration feels systematically aligned.,1
Overall it's okay. Some minor issues but nothing too serious. Overall good.,0
Functional under expected limits.,0
Predictable output under repeated execution.,1
Structured behavior ensures stable outputs.,1
This product offers a smooth and reliable experience with consistent performance. Performs consistently.,1
Good quality considering the price range.,0
Good for simple and low-load use.,0
Performance remains stable across typical usage scenarios.,1
Optimized handling results in clean operation.,1
The interface suggests deliberate engineering.,1
Pretty standard performance overall.,0
Performance profile is refined and reinforced.,1
Ensures reliable output across cycles.,1
The experience is intuitive and aligns well with user expectations. No noticeable issues.,1
Capable enough for daily routines.,0
The design framework is consistently executed.,1
Handles basic workloads fine.,0
Works normally without surprises.,0
Performance remains stable across typical usage scenarios. Works as intended.,1
Stable functional cycles across usage.,1
Prioritized consistency across sessions.,1
I've been using this for a while and it's decent. Not perfect but works fine.,0
Stable system navigation performance.,1
Clear optimization in internal timing.,1
Shows stable cycling across routine operations.,1
The design feels intentional and functional with minimal issues.,1
Smooth runtime results in consistent output.,1
Precision-focused performance evident.,1
Average performance but consistent.,0
Fine performance with minimal issues.,0
Smooth input processing with low deviation.,1
Pretty okay for routine work.,0
Minor lag sometimes but manageable.,0
Smooth enough for basic performance.,0
Transitions hold steady and controlled.,1
Well-organized sequencing inside the system.,1
I've been using this for a while and it's decent. Not perfect but works fine.,0
Execution is clean and minimally variable.,1
Predictable and even performance distribution.,1
Some slight errors but works fine.,0
Overall it's okay. Some minor issues but nothing too serious. No noticeable issues.,0
Handles regular functions alright.,0
A few tiny delays but usable.,0
Predictable across multiple operations.,1
It adapts smoothly to varying input states.,1
Predictable operation during typical tasks.,1
Smooth procedural execution.,1
Maintains consistent stability.,1
Consistent action-response cycle.,1
It processes tasks systematically.,1
Overall it's okay. Some minor issues but nothing too serious.,0
This product offers a smooth and reliable experience with consistent performance. No noticeable issues.,1
Good enough for general purpose use.,0
Has some flaws but overall workable.,0
Handles regular workload smoothly.,0
Not perfect but performs well in most situations.,0
Everything functions smoothly with no major limitations so far.,1
Does it well for common tasks.,0
This product maintains cohesive performance across cycles.,1
Effectively minimizes performance deviation.,1
A few minor bugs but manageable.,0
Clearly optimized process chain.,1
Consistent cycles under routine conditions.,1
Balanced load distribution in execution.,1
System maintains coherent operational behavior.,1
Good for basic routine actions.,0
Works fine in most scenarios.,0
It provides a balanced combination of functionality and ease of use. Performs consistently.,1
Maintains a composed and steady pace.,1
Good enough for everyday tasks; not powerful but reliable.,0
Consistency across different tasks is notable and dependable.,1
Engineered refinement shows across sequences.,1
Operational patterns appear consistent.,1
Overall I’m satisfied with it.,0
Interactions follow a deliberate design approach.,1
Fine for essential routine tasks.,0
Overall it's okay. Some minor issues but nothing too serious. Overall good.,0
"Interactions feel clean, intentional, and appropriately responsive.",1
Underlying design supports logical flow.,1
Fairly easy to work with.,0
Overall it's okay. Some minor issues but nothing too serious. Highly recommended.,0
Internal flow remains optimized throughout.,1
Suitable for average household tasks.,0
user experience is smooth with no interruptions.,1
Not perfect but meets expectations.,0
Works well as a simple everyday tool.,0
Good for occasional tasks.,0
This product offers a smooth and reliable experience with consistent performance. No noticeable issues.,1
Operations run within optimized thresholds.,1
Good performance for basic use cases.,0
Not exceptional but functional.,0
Good choice for non-heavy tasks.,0
Internal logic remains consistent across cycles.,1
Delivers predictable task sequences.,1
I've been using this for a while and it's decent. Not perfect but works fine. Highly recommended.,0
Responsiveness appears carefully tuned.,1
The material quality is decent and does the job.,0
Smooth output even under small load changes.,1
Handling of tasks is fluid and maintains steady consistency.,1
Well-prepared structural decisions ensure stability.,1
Performance tuning appears deliberate.,1
Mostly stable for routine activities.,0
Predictable responses with minimal deviation.,1
Built with stability in mind.,1
I've been using this for a while and it's decent. Not perfect but works fine. Works as intended.,0
It works well for daily use and I haven't faced major problems. Performs consistently.,0
Reasonable for the kind of tasks I run.,0
Structured input handling remains stable.,1
Feels optimized for typical user flow.,1
Pretty satisfied with the performance so far. Works as intended.,0
No serious concerns so far.,0
Performs adequately with average load.,0
Everything integrates well and provides a user-friendly experience.,1
The runtime alignment feels deliberate and consistent.,1
It performs normally and I didn't face any major problems so far.,0
The experience is intuitive and aligns well with user expectations. Highly recommended.,1
Processing curve demonstrates refined balancing.,1
Well-defined processing pattern observed.,1
Clear stability characteristics across operations.,1
Transitions across operations remain balanced.,1
Smooth progression between task states.,1
Operational behavior remains consistent.,1
Runtime consistency is noticeable.,1
"Decent build and okay performance, nothing too impressive but works.",0
Performance remains stable across typical usage scenarios. No noticeable issues.,1
Interaction consistency is noticeable.,1
Handles most everyday tasks properly.,0
The system displays well-tuned behavior throughout.,1
Streamlined structure enhances stability.,1
"I like how simple it is to use, very straightforward.",0
Flow control is clearly optimized.,1
Maintains engineered steadiness.,1
Optimized internal decision flow.,1
Better than expected for the price.,0
Refined logic present in core functions.,1
A little slow but overall fine.,0
The overall design feels deliberate and thoughtfully optimized. Overall good.,1
Internal operations appear well-aligned.,1
Acceptable experience across everyday sessions.,0
Performance pace stays uniform.,1
Nothing too fancy but gets the job done.,0
The product seems durable enough with moderate daily use.,0
Refined calibration in internal processes.,1
Predictable system responses.,1
Executed with refined internal stability.,1
Calibrated for smooth functionality.,1
The experience is intuitive and aligns well with user expectations. Highly recommended.,1
Sufficient for simple usage.,0
Simple to set up and operate.,0
Quality is fair and reliable.,0
Good enough for practical tasks.,0
Overall it's okay. Some minor issues but nothing too serious. Overall good.,0
I've used it regularly and it hasn't caused notable issues.,0
Uniform performance across extended use.,1
Careful calibration visible in runtime behavior.,1
Handles multitasking fairly well.,0
The product arrived on time and performs as expected. Works as intended.,0
Intentional flow ensures stable response.,1
Clear functional consistency.,1
Steady performance for non-demanding tasks.,0
Design decisions reflect consistent intent.,1
Shows balanced structural refinement.,1
The whole system feels deliberate and engineered for ease.,1
A few hiccups but nothing concerning.,0
The product arrived on time and performs as expected.,0
Maintains clarity in runtime structure.,1
Consistent and predictable during heavy repetition.,1
Good choice for casual daily use.,0
The overall design feels deliberate and thoughtfully optimized. Overall good.,1
Smooth runtime cycle with minimal deviation.,1
Not outstanding but works fine for daily usage.,0
Engineered cohesion evident in responses.,1
System behavior appears deliberate.,1
Gets warm sometimes but still functional.,0
Engineered to maintain consistent activity flow.,1
Every action feels structured and systematic.,1
Smooth alignment between input and response.,1
Well-designed behavior across usage.,1
Performance remains stable across typical usage scenarios. Performs consistently.,1
Engineered flow provides stable execution cycles.,1
Pretty acceptable for the price.,0
Performance consistency is easily noticeable.,1
Occasionally slow but manageable.,0
Strong alignment with optimized internal mechanics.,1
No issues with daily operation so far.,0
Does the job well for simple needs.,0
Handles regular functions well enough.,0
It's performing fine so far with basic everyday usage.,0
Delivers uniform and predictable output.,1
Performance behavior feels intentional.,1
The overall design feels deliberate and thoughtfully optimized. Performs consistently.,1
Transitions handled with deliberate smoothness.,1
The product arrived on time and performs as expected. Works as intended.,0
Responsiveness feels intentionally aligned.,1
Stable across repeated usage attempts.,1
Steady execution across active cycles.,1
Efficient flow between modules.,1
Internal flow is smooth and balanced.,1
Performance remains stable across typical usage scenarios. Performs consistently.,1
Fair overall performance.,0
Exhibits calibrated behavior patterns.,1
Simple layout and predictable behavior.,0
The product arrived on time and performs as expected. No noticeable issues.,0
It works well for daily use and I haven't faced major problems.,0
Easy interface and minimal complexity.,0
Performance curve stays steady and refined.,1
Adapts seamlessly to small changes.,1
Good day-to-day usability.,0
Not super smooth but okay for now.,0
Enough performance for casual routines.,0
Not premium but definitely functional.,0
Precise output flow during tasks.,1
This product offers a smooth and reliable experience with consistent performance. Overall good.,1
Optimized for predictable user flow.,1
Pretty easy to use overall.,0
It provides a balanced combination of functionality and ease of use. No noticeable issues.,1
Works fine and no major downside so far.,0
The product is characterized by consistency and fine-tuned control loops.,1
Consistent routine engagement.,1
Useful tool and nothing major to complain about.,0
Structured execution across all tasks.,1
Acceptable general performance.,0
Pretty satisfied with the performance so far. I might buy it again.,0
"A few tiny issues, nothing critical.",0
Works okay unless under very heavy use.,0
Some delays sometimes but overall manageable.,0
Easy to handle for basic activities.,0
Predictable system logic.,1
Performance remains stable across typical usage scenarios. No noticeable issues.,1
This product offers a smooth and reliable experience with consistent performance. No noticeable issues.,1
Pretty satisfied with the performance so far.,0
Overall it's okay. Some minor issues but nothing too serious. Highly recommended.,0
Suggests fair reliability overall.,0
Doesn’t struggle under normal load.,0
Normal performance for everyday needs.,0
Shows planned behavior across system operations.,1
Holds up during light tasks.,0
Pretty satisfied with the performance so far. Highly recommended.,0
Structural clarity in internal mechanics.,1
Stable internal rhythm during tasks.,1
Meets the bare minimum requirements.,0
Good for casual users and simple tasks.,0
It works well for daily use and I haven't faced major problems. Overall good.,0
The experience is intuitive and aligns well with user expectations. Works as intended.,1
Predictable transitions through runtime steps.,1
Optimization is evident across behaviors.,1
Good general usability for normal tasks.,0
User experience is stable and intuitive with consistent responsiveness.,1
Functional output with refined structure.,1
Functionality and ease of use appear well balanced and polished.,1
Consistency across performance rounds.,1
Responds well under small tasks.,0
Exhibits structured operational behavior.,1
Optimized for stable output.,1
Responsive enough for most users.,0
A few quirks but overall the product is fine.,0
Easy to navigate for beginners.,0
Overall it's okay. Some minor issues but nothing too serious. Works as intended.,0
Sometimes a little slow but manageable.,0
Mild issues at times but nothing serious.,0
Internal handling seems systematically structured.,1
Consistent behavior throughout tasks.,1
The experience is intuitive and aligns well with user expectations.,1
The overall design feels deliberate and thoughtfully optimized. Performs consistently.,1
It provides a balanced combination of functionality and ease of use. Works as intended.,1
Controlled performance across internal cycles.,1
Reliable enough across everyday routines.,0
Little sluggish sometimes but still fine.,0
Predictable task handling behavior.,1
Pretty solid for what I need.,0
Handles everyday load fairly well.,0
Data handling remains structured and logical.,1
Predictable operational framework.,1
Balanced response behavior in execution.,1
Performance remains stable across typical usage scenarios. Works as intended.,1
Flow remains deliberate and uniform.,1
It provides a balanced combination of functionality and ease of use. Highly recommended.,1
Performance calibration feels consistent.,1
Some lag spikes but still acceptable.,0
Pretty satisfied with the performance so far. No noticeable issues.,0
Easy to manage and handle.,0
The overall design feels deliberate and thoughtfully optimized. Overall good.,1
Stable framework under typical load.,1
No major issues observed so far.,0
Operates with decent consistency.,0
Predictable results under varied usage.,1
Stopped once but worked after restart; acceptable.,0
Maintains calibrated output cycles.,1
Transitions exhibit calculated precision.,1
I've been using this for a while and it's decent. Not perfect but works fine. Works as intended.,0
Performs within expected limits.,0
Moderate performance but suitable for basic needs.,0
Delivers a coherent procedure throughout sessions.,1
Predictable performance mapping.,1
"Good for routine, non-demanding tasks.",0
Does what it should without major issues.,0
Smooth synergy between components.,1
No real complaints so far.,0
Entry-level performance but acceptable.,0
Overall it's okay. Some minor issues but nothing too serious. Works as intended.,0
Maintains predictable throughput levels.,1
Handles average loads efficiently.,0
A reasonable product that meets expectations without surprises.,0
Well-tuned internal behavior pacing.,1
Maintains high stability in repeated runs.,1
I've been using this for a while and it's decent. Not perfect but works fine. No noticeable issues.,0
Good for predictable everyday actions.,0
Good overall value for my needs.,0
Not flawless but very usable.,0
Average performance but reliable enough.,0
Behavioral patterns are refined and smooth.,1
Fits well for average workloads.,0
General performance is decent.,0
Strong calibration throughout performance.,1
Shows deliberate structuring across its workflow.,1
Good for predictable usage patterns.,0
Stable for simplistic usage.,0
Sometimes slow but acceptable overall.,0
I've been using this for a while and it's decent. Not perfect but works fine. Works as intended.,0
Stable cycle timing and predictable flow.,1
Usual everyday performance is stable.,0
Predictable and methodical response flow.,1
Acceptable performance margin.,0
Execution remains calibrated throughout.,1
Engineered sequence remains reliable.,1
Good enough for minimal daily tasks.,0
Runtime design supports consistent execution.,1
A bit slow occasionally but works.,0
Slight delay but nothing too bad.,0
Doesn’t fail under normal usage.,0
A few response delays but manageable.,0
Transitions during execution feel refined.,1
Works acceptably under normal loads.,0
Internal mechanisms feel carefully engineered.,1
Input mapping remains stable.,1
Good enough for my everyday workflow.,0
Handles workload fairly.,0
Mostly continuous performance with few drops.,0
Reasonable performance for day-to-day work.,0
Displays coherent responses across inputs.,1
Does the basic tasks properly.,0
Decent performance for what you pay.,0
Maintains reliable throughput under load.,1
Output responses reflect intentional design.,1
This feels thoughtfully designed and performs smoothly across typical use.,1
Stable coordination in processing tasks.,1
Performance remains stable across typical usage scenarios. Highly recommended.,1
Seems fine for normal everyday work.,0
Mostly reliable for normal tasks.,0
The internal mechanisms feel optimized.,1
This product offers a smooth and reliable experience with consistent performance.,1
Good enough performance for casual users.,0
Occasionally stutters but acceptable.,0
Consistent behavior suggests stable engineering.,1
It provides a balanced combination of functionality and ease of use. Performs consistently.,1
Performs okay under standard load.,0
Runtime flow feels intentionally structured.,1
Unified behavior across multiple inputs.,1
Reliable for casual operation needs.,0
Simple design ensures easy operation.,0
Very usable for everyday routines.,0
Good for light use cases.,0
It works well for daily use and I haven't faced major problems. Overall good.,0
Handles simple tasks with no problem.,0
Sometimes hesitates but still functional.,0
Behaves identically over repeated cycles.,1
Met my expectations for functionality.,0
Delivers stable functionality repeatedly.,1
Not too buggy and runs fine.,0
Maintains reasonable performance levels.,0
Shows structured performance under load.,1
Shows minimal performance deviation.,1
Consistent under several workloads.,1
I've been using this for a while and it's decent. Not perfect but works fine. Highly recommended.,0
Performance remains stable across typical usage scenarios. Highly recommended.,1
Straightforward and easy approach.,0
Performance remains stable with clean responsiveness and fluid usage.,1
Fair reliability under simple usage.,0
Overall flow seems carefully refined.,1
Transitions operate cleanly.,1
Setup was easy and the device works without unexpected behavior.,0
I've been using this for a while and it's decent. Not perfect but works fine. Highly recommended.,0
It works well for daily use and I haven't faced major problems.,0
Well-balanced output across typical operations.,1
Maintains ok behavior under light usage.,0
Responsive enough for simple needs.,0
Some things could be improved but works fine.,0
Operation remains stable and thoughtfully optimized for usage.,1
Some performance dips but manageable.,0
Carefully tuned transitions noticeable in tasks.,1
Performance remains stable across typical usage scenarios.,1
It provides a balanced combination of functionality and ease of use.,1
Output uniformity is maintained well.,1
Nothing major to complain about.,0
Designed structure supports even performance.,1
Occasional pauses but nothing serious.,0
Stable enough for daily operation.,0
A couple of delays but not frequent.,0
A few minor hiccups but not deal-breaking.,0
Affordable and works out okay.,0
Acceptable output for the price.,0
Delivers unified response patterns.,1
Delivers consistent results under controlled conditions.,1
Affordable and usable.,0
Operational flow remains stable and systematic.,1
Task transition remains balanced.,1
I’m satisfied so far; only a minor glitch but resolved easily.,0
Impressive reliability for its profile.,1
Some rough edges but usable.,0
I've been using this for a while and it's decent. Not perfect but works fine. Overall good.,0
Manages normal application workload well.,0
Performance consistency is controlled and stable.,1
Optimized setup supports consistent output.,1
Good enough for everyday scenarios.,0
The experience is intuitive and aligns well with user expectations. Performs consistently.,1
Some rare freezes but workable.,0
Transitions remain smooth and intentional.,1
Good for predictable tasks.,0
Reliable so far for basic needs.,0
Predictable performance scaling.,1
No complaints so far regarding functionality.,0
Internal optimization produces steady results.,1
Reliable structural behavior across actions.,1
The experience is intuitive and aligns well with user expectations. Performs consistently.,1
Robust handling of repeated tasks.,1
Simple layout and easy to set up.,0
Fine for short sessions.,0
The product arrived on time and performs as expected. Highly recommended.,0
Handles normal workloads with few issues.,0
Performance remains stable across typical usage scenarios. No noticeable issues.,1
Operational fit feels intentional and precise.,1
Stable output with intentional engineering.,1
Predictable outcomes across various conditions.,1
"Performance is fine, though it tends to slow slightly over long sessions.",0
Slightly inconsistent but overall fine.,0
Shows refined optimization characteristics.,1
No huge issues encountered yet.,0
It’s okay for casual usage.,0
Experience remains intuitive with clear optimization in behavior.,1
Procedures follow well-balanced steps.,1
I've been using this for a while and it's decent. Not perfect but works fine.,0
Works nicely for average consumers.,0
Pretty stable experience overall.,0
Performance remains stable across typical usage scenarios. Works as intended.,1
User-friendly design and simple flow.,0
Deliberate functionality evident across tasks.,1
System transitions remain coherent.,1
Meets most basic expectations.,0
Well-organized internal handling.,1
Predictable behavior across shifts in input.,1
Maintains reliable synchronization.,1
It works well for daily use and I haven't faced major problems. Works as intended.,0
Useful without any major issues.,0
Stable mechanisms during usage.,1
Consistent across varied repeated tasks.,1
Reasonably functional.,0
No major operational issues.,0
Simple interface and easy to figure out.,0
Stability is continuous across tasks.,1
Execution remains in sync with user actions.,1
Pretty smooth performance overall.,0
Not very fast but handles basic use.,0
Handles procedural chains consistently.,1
I've been using this for a while and it's decent. Not perfect but works fine. Performs consistently.,0
The optimization seems deliberate and the performance remains reliable.,1
Decent behavior under moderate load.,0
Overall it's okay. Some minor issues but nothing too serious.,0
Runs efficiently under designed conditions.,1
Stable response timeline.,1
Maintains clarity in procedural steps.,1
Performance model remains uniform and optimized.,1
Its refined behavior suggests an optimized software flow.,1
It works well for daily use and I haven't faced major problems. Performs consistently.,0
Easy to operate and straightforward.,0
Delivery was a bit slow but the product itself is functioning properly.,0
I’ve been using this for about a week and it works surprisingly well for daily tasks.,0
Overall it's okay. Some minor issues but nothing too serious. Performs consistently.,0
Shows reliable computing cycles.,1
Balanced configuration between components.,1
No critical failures yet.,0
Input-to-output mapping remains predictable.,1
Handles light work excellently.,0
Some features could be smoother but fine.,0
No big complaints so far.,0
Handles routine actions efficiently.,0
Pretty comfortable to use daily.,0
Adaptation across tasks is smooth.,1
The product arrived on time and performs as expected. Highly recommended.,0
Transitions behave deliberately and smoothly.,1
Well-structured output with limited deviation.,1
Manageable delays sometimes.,0
Pretty satisfied with the performance so far. Works as intended.,0
